{
  "Minimal API" : {
    "transaction" : "Minimal API",
    "sampleCount" : 1000,
    "errorCount" : 0,
    "errorPct" : 0.0,
    "meanResTime" : 0.7240000000000006,
    "medianResTime" : 1.0,
    "minResTime" : 0.0,
    "maxResTime" : 15.0,
    "pct1ResTime" : 1.0,
    "pct2ResTime" : 2.0,
    "pct3ResTime" : 2.0,
    "throughput" : 10.022148949177682,
    "receivedKBytesPerSec" : 5.351905836899548,
    "sentKBytesPerSec" : 1.389790186311749
  },
  "Total" : {
    "transaction" : "Total",
    "sampleCount" : 3000,
    "errorCount" : 0,
    "errorPct" : 0.0,
    "meanResTime" : 1.0646666666666702,
    "medianResTime" : 1.0,
    "minResTime" : 0.0,
    "maxResTime" : 33.0,
    "pct1ResTime" : 2.0,
    "pct2ResTime" : 3.0,
    "pct3ResTime" : 3.0,
    "throughput" : 30.05530175522962,
    "receivedKBytesPerSec" : 16.049883347860064,
    "sentKBytesPerSec" : 4.187392301835377
  },
  "Controller" : {
    "transaction" : "Controller",
    "sampleCount" : 1000,
    "errorCount" : 0,
    "errorPct" : 0.0,
    "meanResTime" : 1.8319999999999996,
    "medianResTime" : 2.0,
    "minResTime" : 0.0,
    "maxResTime" : 33.0,
    "pct1ResTime" : 3.0,
    "pct2ResTime" : 3.0,
    "pct3ResTime" : 4.0,
    "throughput" : 10.018534288433603,
    "receivedKBytesPerSec" : 5.350014714722236,
    "sentKBytesPerSec" : 1.37950520963783
  },
  "Fast Endpoints" : {
    "transaction" : "Fast Endpoints",
    "sampleCount" : 1000,
    "errorCount" : 0,
    "errorPct" : 0.0,
    "meanResTime" : 0.6380000000000002,
    "medianResTime" : 1.0,
    "minResTime" : 0.0,
    "maxResTime" : 2.0,
    "pct1ResTime" : 1.0,
    "pct2ResTime" : 2.0,
    "pct3ResTime" : 2.0,
    "throughput" : 10.023555355084447,
    "receivedKBytesPerSec" : 5.352735177667519,
    "sentKBytesPerSec" : 1.4193511000852002
  }
}